<?xml version="1.0" encoding="UTF-8"?>
<!-- NOTE: ALL Value below is ***HEX***, e.g. 020baadd stands for 0x020baadd, -->
<!-- Any DEC Value will be parsed as ***HEX*** in the source code -->
<!-- Features: r - relay | l - lpn | f - friend | p - proxy -->
<!-- trans: [1, 8] - send each packet for 1-8 time(s) -->
<!-- tran_interval: [1, 32] * 10ms - interval between each transmission -->
<Network>
  <!-- Netkey and all AppKeys bound to it -->
  <Subnets>
    <NetKey RefId="0000" Id="0000" Value="03030303030303030303030303030303" Done="01">
      <AppKey RefId="0000" Id="0000" Value="03030303030303030303030303030303" Done="01"/>
    </NetKey>
  </Subnets>
  <!-- All Nodes -->
  <!-- Features: r - relay | l - lpn | f - friend | p - proxy -->
  <Nodes>
    <!-- ====================R1 Switches==================== -->
    <!-- 440053190 -->
    <!-- <Node UUID="000b57ef2d612d7665447362616c6953" Addr="0001" Err="00000000" Tmpl="01" Blacklist="00" Done="11"/> -->
    <!-- ====================R2 Switches==================== -->
    <!-- 440034551 -->
    <!-- <Node UUID="000b573152e12d7665447362616c6953" Addr="0000" Err="00000000" Tmpl="01" Blacklist="00" Done="00"/> -->
    <!-- ====================R3 Switches==================== -->
    <!-- 440058927 -->
    <Node UUID="000b57ef2b872d7665447362616c6953" Addr="0001" Err="00000000" Tmpl="21" Blacklist="00" Done="11"/>
    <!-- ====================Master Switches==================== -->
    <!-- 440040613 -->
    <!-- <Node UUID="000b5725ffc82d7665447362616c6953" Addr="0000" Err="00000000" Tmpl="21" Blacklist="00" Done="00"/> -->
  </Nodes>
</Network>
