{
  "Subnets":[
    {
      "RefId":"0x0000",
      "Id":"0x0000",
      "Value":"0x03030303030303030303030303030303",
      "Done":"0x01",
      "AppKey":[
        {
          "RefId":"0x0000",
          "Id":"0x0000",
          "Value":"0x03030303030303030303030303030303",
          "Done":"0x01"
        }
      ]
    }
  ],
  "Nodes":[
    {
      "Comment":" Box - Light 0-0",
      "UUID":"d0cf5e3e24412d7665447362616c6953",
      "Addr":"0x0005",
      "Err":"0x00000000",
      "Tmpl":"0x01",
      "Blacklist":"0x00",
      "Done":"0x11"
    },
    {
      "Comment":" Box - Light 0-1",
      "UUID":"d0cf5e3e23ea2d7665447362616c6953",
      "Addr":"0x0010",
      "Err":"0x00000000",
      "Tmpl":"0x01",
      "Blacklist":"0x00",
      "Done":"0x11"
    },
    {
      "Comment":" Box - Light 0-2",
      "UUID":"d0cf5e3e23cd2d7665447362616c6953",
      "Addr":"0x000c",
      "Err":"0x00000000",
      "Tmpl":"0x01",
      "Blacklist":"0x00",
      "Done":"0x11"
    },
    {
      "Comment":" Box - Light 0-3",
      "UUID":"d0cf5e3e24452d7665447362616c6953",
      "Addr":"0x000a",
      "Err":"0x00000000",
      "Tmpl":"0x01",
      "Blacklist":"0x00",
      "Done":"0x11"
    },
    {
      "Comment":" Box - Light 0-4",
      "UUID":"d0cf5e3e246a2d7665447362616c6953",
      "Addr":"0x000e",
      "Err":"0x00000000",
      "Tmpl":"0x01",
      "Blacklist":"0x00",
      "Done":"0x11"
    },
    {
      "Comment":" Box - Light 0-5",
      "UUID":"d0cf5e3e24022d7665447362616c6953",
      "Addr":"0x0012",
      "Err":"0x00000000",
      "Tmpl":"0x01",
      "Blacklist":"0x00",
      "Done":"0x11"
    },
    {
      "Comment":" Box - Light 0-6",
      "UUID":"d0cf5e3e24642d7665447362616c6953",
      "Addr":"0x0014",
      "Err":"0x00000000",
      "Tmpl":"0x01",
      "Blacklist":"0x00",
      "Done":"0x11"
    },
    {
      "Comment":" Box - Light 0-7",
      "UUID":"d0cf5e3e23c42d7665447362616c6953",
      "Addr":"0x0016",
      "Err":"0x00000000",
      "Tmpl":"0x01",
      "Blacklist":"0x00",
      "Done":"0x11"
    },
    {
      "Comment":" Box - Light 0-8",
      "UUID":"d0cf5e3e23b22d7665447362616c6953",
      "Addr":"0x0003",
      "Err":"0x00000000",
      "Tmpl":"0x01",
      "Blacklist":"0x00",
      "Done":"0x11"
    },
    {
      "Comment":" Box - Light 0-9",
      "UUID":"d0cf5e3e24832d7665447362616c6953",
      "Addr":"0x0018",
      "Err":"0x00000000",
      "Tmpl":"0x01",
      "Blacklist":"0x00",
      "Done":"0x11"
    },
    {
      "Comment":" Box - Light 1-0",
      "UUID":"d0cf5e3e24082d7665447362616c6953",
      "Addr":"0x001a",
      "Err":"0x00000000",
      "Tmpl":"0x01",
      "Blacklist":"0x00",
      "Done":"0x11"
    },
    {
      "Comment":" Box - Light 1-1",
      "UUID":"d0cf5e3e23d62d7665447362616c6953",
      "Addr":"0x001c",
      "Err":"0x00000000",
      "Tmpl":"0x01",
      "Blacklist":"0x00",
      "Done":"0x11"
    },
    {
      "Comment":" Box - Light 1-2",
      "UUID":"d0cf5e3e23f62d7665447362616c6953",
      "Addr":"0x001e",
      "Err":"0x00000000",
      "Tmpl":"0x01",
      "Blacklist":"0x00",
      "Done":"0x11"
    },
    {
      "Comment":" Box - Light 1-3",
      "UUID":"d0cf5e3e24232d7665447362616c6953",
      "Addr":"0x0020",
      "Err":"0x00000000",
      "Tmpl":"0x01",
      "Blacklist":"0x00",
      "Done":"0x11"
    },
    {
      "Comment":" Box - Light 1-4",
      "UUID":"d0cf5e3e248b2d7665447362616c6953",
      "Addr":"0x0022",
      "Err":"0x00000000",
      "Tmpl":"0x01",
      "Blacklist":"0x00",
      "Done":"0x11"
    },
    {
      "Comment":" Box - Light 1-5",
      "UUID":"d0cf5e3e24752d7665447362616c6953",
      "Addr":"0x0024",
      "Err":"0x00000000",
      "Tmpl":"0x01",
      "Blacklist":"0x00",
      "Done":"0x11"
    },
    {
      "Comment":" Box - Light 1-6",
      "UUID":"d0cf5e3e23f82d7665447362616c6953",
      "Addr":"0x0026",
      "Err":"0x00000000",
      "Tmpl":"0x01",
      "Blacklist":"0x00",
      "Done":"0x11"
    },
    {
      "Comment":" Box - Light 1-7",
      "UUID":"d0cf5e3e24792d7665447362616c6953",
      "Addr":"0x0028",
      "Err":"0x00000000",
      "Tmpl":"0x01",
      "Blacklist":"0x00",
      "Done":"0x11"
    },
    {
      "Comment":" Box - Light 1-8",
      "UUID":"d0cf5e3e243d2d7665447362616c6953",
      "Addr":"0x002a",
      "Err":"0x00000000",
      "Tmpl":"0x01",
      "Blacklist":"0x00",
      "Done":"0x11"
    },
    {
      "Comment":" Box - Light 1-9",
      "UUID":"d0cf5e3e24902d7665447362616c6953",
      "Addr":"0x002c",
      "Err":"0x00000000",
      "Tmpl":"0x01",
      "Blacklist":"0x00",
      "Done":"0x11"
    },
    {
      "Comment":" Box - Light 2-0",
      "UUID":"d0cf5e3e23f12d7665447362616c6953",
      "Addr":"0x002e",
      "Err":"0x00000000",
      "Tmpl":"0x01",
      "Blacklist":"0x00",
      "Done":"0x11"
    },
    {
      "Comment":" Box - Light 2-1",
      "UUID":"d0cf5e3e24392d7665447362616c6953",
      "Addr":"0x0030",
      "Err":"0x00000000",
      "Tmpl":"0x01",
      "Blacklist":"0x00",
      "Done":"0x11"
    },
    {
      "Comment":" Box - Light 2-2",
      "UUID":"d0cf5e3e242d2d7665447362616c6953",
      "Addr":"0x0032",
      "Err":"0x00000000",
      "Tmpl":"0x01",
      "Blacklist":"0x00",
      "Done":"0x11"
    },
    {
      "Comment":" Box - Light 2-3",
      "UUID":"d0cf5e3e23d22d7665447362616c6953",
      "Addr":"0x0034",
      "Err":"0x00000000",
      "Tmpl":"0x01",
      "Blacklist":"0x00",
      "Done":"0x11"
    },
    {
      "Comment":" Box - Light 2-4",
      "UUID":"d0cf5e3e245a2d7665447362616c6953",
      "Addr":"0x0038",
      "Err":"0x00000000",
      "Tmpl":"0x01",
      "Blacklist":"0x00",
      "Done":"0x11"
    },
    {
      "Comment":" Box - Light 2-5",
      "UUID":"d0cf5e3e23ad2d7665447362616c6953",
      "Addr":"0x0036",
      "Err":"0x00000000",
      "Tmpl":"0x01",
      "Blacklist":"0x00",
      "Done":"0x11"
    },
    {
      "Comment":" Box - Light 2-6",
      "UUID":"d0cf5e3e23e12d7665447362616c6953",
      "Addr":"0x003a",
      "Err":"0x00000000",
      "Tmpl":"0x01",
      "Blacklist":"0x00",
      "Done":"0x11"
    },
    {
      "Comment":" Box - Light 2-7",
      "UUID":"d0cf5e3e23ef2d7665447362616c6953",
      "Addr":"0x003c",
      "Err":"0x00000000",
      "Tmpl":"0x01",
      "Blacklist":"0x00",
      "Done":"0x11"
    },
    {
      "Comment":" Box - Light 2-8",
      "UUID":"d0cf5e3e24592d7665447362616c6953",
      "Addr":"0x003e",
      "Err":"0x00000000",
      "Tmpl":"0x01",
      "Blacklist":"0x00",
      "Done":"0x11"
    },
    {
      "Comment":" Box - Light 2-9",
      "UUID":"d0cf5e3e24092d7665447362616c6953",
      "Addr":"0x0040",
      "Err":"0x00000000",
      "Tmpl":"0x01",
      "Blacklist":"0x00",
      "Done":"0x11"
    },
    {
      "Comment":" Box - Light 3-0",
      "UUID":"d0cf5e3e24912d7665447362616c6953",
      "Addr":"0x0042",
      "Err":"0x00000000",
      "Tmpl":"0x01",
      "Blacklist":"0x00",
      "Done":"0x11"
    },
    {
      "Comment":" Box - Light 3-1",
      "UUID":"d0cf5e3e243a2d7665447362616c6953",
      "Addr":"0x0044",
      "Err":"0x00000000",
      "Tmpl":"0x01",
      "Blacklist":"0x00",
      "Done":"0x11"
    },
    {
      "Comment":" Box - Light 3-2",
      "UUID":"d0cf5e3e23d72d7665447362616c6953",
      "Addr":"0x0046",
      "Err":"0x00000000",
      "Tmpl":"0x01",
      "Blacklist":"0x00",
      "Done":"0x11"
    },
    {
      "Comment":" Box - Light 3-3",
      "UUID":"d0cf5e3e23cb2d7665447362616c6953",
      "Addr":"0x0048",
      "Err":"0x00000000",
      "Tmpl":"0x01",
      "Blacklist":"0x00",
      "Done":"0x11"
    },
    {
      "Comment":" Box - Light 3-4",
      "UUID":"d0cf5e3e240f2d7665447362616c6953",
      "Addr":"0x004a",
      "Err":"0x00000000",
      "Tmpl":"0x01",
      "Blacklist":"0x00",
      "Done":"0x11"
    },
    {
      "Comment":" Box - Light 3-5",
      "UUID":"d0cf5e3e242e2d7665447362616c6953",
      "Addr":"0x004c",
      "Err":"0x00000000",
      "Tmpl":"0x01",
      "Blacklist":"0x00",
      "Done":"0x11"
    },
    {
      "Comment":" Box - Light 3-6",
      "UUID":"d0cf5e3e24492d7665447362616c6953",
      "Addr":"0x0050",
      "Err":"0x00000000",
      "Tmpl":"0x01",
      "Blacklist":"0x00",
      "Done":"0x11"
    },
    {
      "Comment":" Box - Light 3-7",
      "UUID":"d0cf5e3e247d2d7665447362616c6953",
      "Addr":"0x004e",
      "Err":"0x00000000",
      "Tmpl":"0x01",
      "Blacklist":"0x00",
      "Done":"0x11"
    },
    {
      "Comment":" Box - Light 3-8",
      "UUID":"d0cf5e3e24102d7665447362616c6953",
      "Addr":"0x0052",
      "Err":"0x00000000",
      "Tmpl":"0x01",
      "Blacklist":"0x00",
      "Done":"0x11"
    },
    {
      "Comment":" Box - Light 3-9",
      "UUID":"d0cf5e3e241e2d7665447362616c6953",
      "Addr":"0x0054",
      "Err":"0x00000000",
      "Tmpl":"0x01",
      "Blacklist":"0x00",
      "Done":"0x11"
    },
    {
      "Comment":" Box - Light 4-0",
      "UUID":"d0cf5e3e23af2d7665447362616c6953",
      "Addr":"0x0056",
      "Err":"0x00000000",
      "Tmpl":"0x01",
      "Blacklist":"0x00",
      "Done":"0x11"
    },
    {
      "Comment":" Box - Light 4-1",
      "UUID":"d0cf5e3e23c72d7665447362616c6953",
      "Addr":"0x0058",
      "Err":"0x00000000",
      "Tmpl":"0x01",
      "Blacklist":"0x00",
      "Done":"0x11"
    },
    {
      "Comment":" Box - Light 4-2",
      "UUID":"d0cf5e3e23eb2d7665447362616c6953",
      "Addr":"0x005a",
      "Err":"0x00000000",
      "Tmpl":"0x01",
      "Blacklist":"0x00",
      "Done":"0x11"
    },
    {
      "Comment":" Box - Light 4-3",
      "UUID":"d0cf5e3e23f92d7665447362616c6953",
      "Addr":"0x005c",
      "Err":"0x00000000",
      "Tmpl":"0x01",
      "Blacklist":"0x00",
      "Done":"0x11"
    },
    {
      "Comment":" Box - Light 4-4",
      "UUID":"d0cf5e3e23ba2d7665447362616c6953",
      "Addr":"0x005e",
      "Err":"0x00000000",
      "Tmpl":"0x01",
      "Blacklist":"0x00",
      "Done":"0x11"
    },
    {
      "Comment":" Box - Light 4-5",
      "UUID":"d0cf5e3e24402d7665447362616c6953",
      "Addr":"0x0001",
      "Err":"0x00000000",
      "Tmpl":"0x01",
      "Blacklist":"0x00",
      "Done":"0x11"
    },
    {
      "Comment":" Box - Light 4-6",
      "UUID":"d0cf5e3e24582d7665447362616c6953",
      "Addr":"0x0060",
      "Err":"0x00000000",
      "Tmpl":"0x01",
      "Blacklist":"0x00",
      "Done":"0x11"
    },
    {
      "Comment":" Box - Light 4-7",
      "UUID":"d0cf5e3e24242d7665447362616c6953",
      "Addr":"0x0062",
      "Err":"0x00000000",
      "Tmpl":"0x01",
      "Blacklist":"0x00",
      "Done":"0x11"
    },
    {
      "Comment":" Box - Light 4-8",
      "UUID":"d0cf5e3e242b2d7665447362616c6953",
      "Addr":"0x0064",
      "Err":"0x00000000",
      "Tmpl":"0x01",
      "Blacklist":"0x00",
      "Done":"0x11"
    },
    {
      "Comment":" Box - Light 4-9",
      "UUID":"d0cf5e3e25162d7665447362616c6953",
      "Addr":"0x0007",
      "Err":"0x00000000",
      "Tmpl":"0x01",
      "Blacklist":"0x00",
      "Done":"0x11"
    },
    {
      "Comment":" 440053190 - Swtich ",
      "UUID":"000b57ef2d612d7665447362616c6953",
      "Addr":"0x0009",
      "Err":"0x00000000",
      "Tmpl":"0x21",
      "Blacklist":"0x00",
      "Done":"0x11"
    }
  ]
}