<?xml version="1.0" encoding="UTF-8"?>
<!-- NOTE: ALL Value below is ***HEX***, e.g. 020baadd stands for 0x020baadd, -->
<!-- Any DEC Value will be parsed as ***HEX*** in the source code -->
<!-- Features: r - relay | l - lpn | f - friend | p - proxy -->
<!-- trans: [1, 8] - send each packet for 1-8 time(s) -->
<!-- tran_interval: [1, 32] * 10ms - interval between each transmission -->
<Network>
  <!-- Netkey and all AppKeys bound to it -->
  <Subnets>
    <NetKey RefId="0000" Id="0000" Value="b27caa6e2aebb4b120ac21a7f27647d1" Done="01">
      <AppKey RefId="0000" Id="0000" Value="03030303030303030303030303030303" Done="01"/>
      <AppKey RefId="0001" Id="0001" Value="04040404040404040404040404040404" Done="01"/>
      <!-- <AppKey RefId="0001" Id="0001" Value="04040404040404040404040404040404" Done="00"/> -->
    </NetKey>
  </Subnets>
  <!-- All Nodes -->
  <!-- Features: r - relay | l - lpn | f - friend | p - proxy -->
  <Nodes>
    <!-- ====================R1 Lights==================== -->
    <!-- 440062864 -->
    <Node UUID="000b5731555c2d7665447362616c6953" Addr="0018" Err="00000000" Tmpl="01" Blacklist="00" Done="11"/>
    <!-- 440050201 -->
    <Node UUID="000b5731565a2d7665447362616c6953" Addr="001b" Err="00000000" Tmpl="01" Blacklist="00" Done="11"/>
    <!-- 440050202 -->
    <Node UUID="000b5731555b2d7665447362616c6953" Addr="0016" Err="00000000" Tmpl="01" Blacklist="00" Done="11"/>
    <!-- ====================R1 Switches==================== -->
    <!-- 440062851 -->
    <Node UUID="000b573155522d7665447362616c6953" Addr="001a" Err="00000000" Tmpl="21" Blacklist="00" Done="11"/>
  </Nodes>
</Network>
