{
  "Subnets":[
    {
      "RefId":"0x0000",
      "Id":"0x0000",
      "Value":"0x03030303030303030303030303030303",
      "Done":"0x01",
      "AppKey":[
        {
          "RefId":"0x0000",
          "Id":"0x0000",
          "Value":"0x03030303030303030303030303030303",
          "Done":"0x01"
        }
      ]
    }
  ],
  "Nodes":[
    {
      "Serial":"440053190 - R1S1",
      "UUID":"000b57ef2d612d7665447362616c6953",
      "Addr":"0x0004",
      "Err":"0x00000000",
      "Tmpl":"0x01",
      "Blacklist":"0x00",
      "Done":"0x01"
    },
    {
      "Serial":"440069882 - R2S1",
      "UUID":"000b57ef2b8d2d7665447362616c6953",
      "Addr":"0x0003",
      "Err":"0x00000000",
      "Tmpl":"0x21",
      "Blacklist":"0x00",
      "Done":"0x11"
    },
    {
      "Serial":"440058927 - R3S1",
      "UUID":"000b57ef319c2d7665447362616c6953",
      "Addr":"0x0006",
      "Err":"0x00000000",
      "Tmpl":"0x01",
      "Blacklist":"0x00",
      "Done":"0x11"
    },
    {
      "Serial":"440054377 - S_ALL",
      "UUID":"000b57ef2b872d7665447362616c6953",
      "Addr":"0x0001",
      "Err":"0x00000000",
      "Tmpl":"0x01",
      "Blacklist":"0x00",
      "Done":"0x11"
    }
  ]
}