{
  "Subnets":[
    {
      "RefId":"0x0000",
      "Id":"0x0000",
      "Value":"0x03030303030303030303030303030303",
      "Done":"0x01",
      "AppKey":[
        {
          "RefId":"0x0000",
          "Id":"0x0000",
          "Value":"0x03030303030303030303030303030303",
          "Done":"0x01"
        },
        {
          "RefId":"0x0001",
          "Id":"0x0001",
          "Value":"0x04040404040404040404040404040404",
          "Done":"0x01"
        }
      ]
    }
  ],
  "Nodes":[
    {
      "Serial":"440040613 - R1L1",
      "UUID":"000b5725ffc82d7665447362616c6953",
      "Addr":"0x0000",
      "Err":"0x00000000",
      "Tmpl":"0x01",
      "Blacklist":"0x00",
      "Done":"0x00"
    },
    {
      "Serial":"440034551 - R1L2",
      "UUID":"000b57315a202d7665447362616c6953",
      "Addr":"0x0000",
      "Err":"0x00000000",
      "Tmpl":"0x01",
      "Blacklist":"0x00",
      "Done":"0x00"
    },
    {
      "Serial":"440057099 - R1L3",
      "UUID":"000b5725fba52d7665447362616c6953",
      "Addr":"0x0000",
      "Err":"0x00000000",
      "Tmpl":"0x01",
      "Blacklist":"0x00",
      "Done":"0x00"
    },
    {
      "Serial":"440060215 - R1L4",
      "UUID":"000b573152c12d7665447362616c6953",
      "Addr":"0x0000",
      "Err":"0x00000000",
      "Tmpl":"0x01",
      "Blacklist":"0x00",
      "Done":"0x00"
    },
    {
      "Serial":"440058894 - R2L1",
      "UUID":"000b5731529f2d7665447362616c6953",
      "Addr":"0x0000",
      "Err":"0x00000000",
      "Tmpl":"0x02",
      "Blacklist":"0x00",
      "Done":"0x00"
    },
    {
      "Serial":"440058894 - R2L2",
      "UUID":"000b573152e12d7665447362616c6953",
      "Addr":"0x0000",
      "Err":"0x00000000",
      "Tmpl":"0x02",
      "Blacklist":"0x00",
      "Done":"0x00"
    },
    {
      "Serial":"440061633 - R2L3",
      "UUID":"000b573152432d7665447362616c6953",
      "Addr":"0x0000",
      "Err":"0x00000000",
      "Tmpl":"0x02",
      "Blacklist":"0x00",
      "Done":"0x00"
    },
    {
      "Serial":"440047959 - R2L4",
      "UUID":"000b5725fb542d7665447362616c6953",
      "Addr":"0x0000",
      "Err":"0x00000000",
      "Tmpl":"0x02",
      "Blacklist":"0x00",
      "Done":"0x00"
    },
    {
      "Serial":"440146136 - R3L1",
      "UUID":"d0cf5e68a7182d7665447362616c6953",
      "Addr":"0x0005",
      "Err":"0x00000000",
      "Tmpl":"0x03",
      "Blacklist":"0x00",
      "Done":"0x11"
    },
    {
      "Serial":"440146134 - R3L2",
      "UUID":"d0cf5e68a6e02d7665447362616c6953",
      "Addr":"0x0007",
      "Err":"0x00000000",
      "Tmpl":"0x03",
      "Blacklist":"0x00",
      "Done":"0x11"
    },
    {
      "Serial":"440071526 - R3L3",
      "UUID":"000b57b5e6072d7665447362616c6953",
      "Addr":"0x0003",
      "Err":"0x00000000",
      "Tmpl":"0x03",
      "Blacklist":"0x00",
      "Done":"0x11"
    },
    {
      "Serial":"440048196 - R3L4",
      "UUID":"000b573152aa2d7665447362616c6953",
      "Addr":"0x0001",
      "Err":"0x00000000",
      "Tmpl":"0x03",
      "Blacklist":"0x00",
      "Done":"0x11"
    },
    {
      "Serial":"440053190 - R1S1",
      "UUID":"000b57ef2d612d7665447362616c6953",
      "Addr":"0x0000",
      "Err":"0x00000000",
      "Tmpl":"0x21",
      "Blacklist":"0x00",
      "Done":"0x00"
    },
    {
      "Serial":"440056324 - R2S1",
      "UUID":"000b57ef2b8d2d7665447362616c6953",
      "Addr":"0x0000",
      "Err":"0x00000000",
      "Tmpl":"0x22",
      "Blacklist":"0x00",
      "Done":"0x00"
    },
    {
      "Serial":"440054377 - R3S1",
      "UUID":"000b57ef319c2d7665447362616c6953",
      "Addr":"0x0000",
      "Err":"0x00000000",
      "Tmpl":"0x23",
      "Blacklist":"0x00",
      "Done":"0x00"
    },
    {
      "Serial":"440058927 - S_ALL",
      "UUID":"000b57ef2b872d7665447362616c6953",
      "Addr":"0x0000",
      "Err":"0x00000000",
      "Tmpl":"0x2F",
      "Blacklist":"0x00",
      "Done":"0x00"
    }
  ],
  "BACKUP":[
    {
      "UUID":"000b5731566c2d7665447362616c6953",
      "Addr":"0x0000",
      "Err":"0x00000000",
      "Tmpl":"0xFE",
      "Blacklist":"0x00",
      "Done":"0x00"
    },
    {
      "UUID":"000b5731566c2d7665447362616c6953",
      "Addr":"0x0000",
      "Err":"0x00000000",
      "TTL":"0x04",
      "Tmpl":"0xFE",
      "Features":{
        "Proxy":"0x01"
      },
      "SNB":"0x00",
      "Net_Retransmit":{
        "Count":"0x05",
        "Interval":"0x0032"
      },
      "Pub":{
        "Addr":"0xD04F",
        "Key":"0x00"
      },
      "Bind":[
        "0x00",
        "0x01"
      ],
      "Sub":[
        "0xD050",
        "0xD049"
      ],
      "Blacklist":"0x00",
      "Done":"0x00"
    }
  ]
}