<?xml version="1.0" encoding="UTF-8"?>
<!-- NOTE: ALL Value below is ***HEX***, e.g. 020baadd stands for 0x020baadd, -->
<!-- Any DEC Value will be parsed as ***HEX*** in the source code -->
<!-- Features: r - relay | l - lpn | f - friend | p - proxy -->
<!-- trans: [1, 8] - send each packet for 1-8 time(s) -->
<!-- tran_interval: [1, 32] * 10ms - interval between each transmission -->
<Network>
  <!-- Netkey and all AppKeys bound to it -->
  <Subnets>
    <NetKey RefId="0000" Id="0000" Value="03030303030303030303030303030303" Done="01">
      <AppKey RefId="0000" Id="0000" Value="03030303030303030303030303030303" Done="01"/>
      <AppKey RefId="0001" Id="0001" Value="04040404040404040404040404040404" Done="01"/>
    </NetKey>
  </Subnets>
  <!-- All Nodes -->
  <!-- Features: r - relay | l - lpn | f - friend | p - proxy -->
  <Nodes>
    <!-- ====================R1 Lights==================== -->
    <!-- 440048196 -->
    <Node UUID="000b573152aa2d7665447362616c6953" Addr="0041" Err="00000000" Tmpl="01" Blacklist="00" Done="11"/>
    <!-- 440054377 -->
    <Node UUID="000b57ef319c2d7665447362616c6953" Addr="003e" Err="00000000" Tmpl="01" Blacklist="00" Done="11"/>
    <!-- 440057099 -->
    <Node UUID="000b5725fba52d7665447362616c6953" Addr="0037" Err="00000000" Tmpl="01" Blacklist="00" Done="11"/>
    <!-- 440060215 -->
    <Node UUID="000b573152c12d7665447362616c6953" Addr="003a" Err="00000000" Tmpl="01" Blacklist="00" Done="11"/>
    <!-- ====================R2 Lights==================== -->
    <!-- 440058894 -->
    <Node UUID="000b5731529f2d7665447362616c6953" Addr="0049" Err="00000000" Tmpl="02" Blacklist="00" Done="11"/>
    <!-- 440056324 -->
    <Node UUID="000b57ef2b8d2d7665447362616c6953" Addr="004b" Err="00000000" Tmpl="02" Blacklist="00" Done="11"/>
    <!-- 440061633 -->
    <Node UUID="000b573152432d7665447362616c6953" Addr="0045" Err="00000000" Tmpl="02" Blacklist="00" Done="11"/>
    <!-- 440047959 -->
    <Node UUID="000b5725fb542d7665447362616c6953" Addr="003c" Err="00000000" Tmpl="02" Blacklist="00" Done="11"/>
    <!-- ====================R3 Lights==================== -->
    <!-- 440146136 -->
    <Node UUID="d0cf5e68a7182d7665447362616c6953" Addr="0043" Err="00000000" Tmpl="03" Blacklist="00" Done="11"/>
    <!-- 440146134 -->
    <Node UUID="d0cf5e68a6e02d7665447362616c6953" Addr="0047" Err="00000000" Tmpl="03" Blacklist="00" Done="11"/>
    <!-- 440071526 -->
    <Node UUID="000b57b5e6072d7665447362616c6953" Addr="0035" Err="00000000" Tmpl="03" Blacklist="00" Done="11"/>
    <!-- ====================R1 Switches==================== -->
    <!-- 440053190 -->
    <Node UUID="000b57ef2d612d7665447362616c6953" Addr="004d" Err="00000000" Tmpl="21" Blacklist="00" Done="11"/>
    <!-- ====================R2 Switches==================== -->
    <!-- 440034551 -->
    <Node UUID="000b573152e12d7665447362616c6953" Addr="004e" Err="00000000" Tmpl="22" Blacklist="00" Done="11"/>
    <!-- ====================R3 Switches==================== -->
    <!-- 440058927 -->
    <Node UUID="000b57ef2b872d7665447362616c6953" Addr="0039" Err="00000000" Tmpl="23" Blacklist="00" Done="11"/>
    <!-- ====================Master Switches==================== -->
    <!-- 440040613 -->
    <Node UUID="000b5725ffc82d7665447362616c6953" Addr="0040" Err="00000000" Tmpl="2F" Blacklist="00" Done="11"/>
  </Nodes>
</Network>
