{
  "Subnets":[
    {
      "RefId":"0x0000",
      "Id":"0x0000",
      "Value":"0x03030303030303030303030303030303",
      "Done":"0x01",
      "AppKey":[
        {
          "RefId":"0x0000",
          "Id":"0x0000",
          "Value":"0x03030303030303030303030303030303",
          "Done":"0x01"
        },
        {
          "RefId":"0x0001",
          "Id":"0x0001",
          "Value":"0x04040404040404040404040404040404",
          "Done":"0x01"
        }
      ]
    }
  ],
  "Nodes":[
    {
      "UUID":"000b5731555c2d7665447362616c6953",
      "Addr":"0x0000",
      "Err":"0x00000000",
      "Tmpl":"0x01",
      "Blacklist":"0x10",
      "Done":"0x00"
    },
    {
      "UUID":"000b5731565a2d7665447362616c6953",
      "Addr":"0x0000",
      "Err":"0x00000000",
      "Tmpl":"0x01",
      "Blacklist":"0x10",
      "Done":"0x00"
    },
    {
      "UUID":"000b5731555b2d7665447362616c6953",
      "Addr":"0x0000",
      "Err":"0x00000000",
      "Tmpl":"0x01",
      "Blacklist":"0x10",
      "Done":"0x00"
    },
    {
      "UUID":"000b573155522d7665447362616c6953",
      "Addr":"0x0000",
      "Err":"0x00000000",
      "Tmpl":"0x01",
      "Blacklist":"0x10",
      "Done":"0x00"
    }
  ],
  "BACKUP":[
    {
      "UUID":"000b5731566c2d7665447362616c6953",
      "Addr":"0x0000",
      "Err":"0x00000000",
      "Tmpl":"0xFE",
      "Blacklist":"0x00",
      "Done":"0x00"
    },
    {
      "UUID":"000b5731566c2d7665447362616c6953",
      "Addr":"0x0000",
      "Err":"0x00000000",
      "TTL":"0x04",
      "Tmpl":"0xFE",
      "Features":{
        "Proxy":"0x01"
      },
      "SNB":"0x00",
      "Net_Retransmit":{
        "Count":"0x05",
        "Interval":"0x0032"
      },
      "Pub":{
        "Addr":"0xD04F",
        "Key":"0x00"
      },
      "Bind":[
        "0x00",
        "0x01"
      ],
      "Sub":[
        "0xD050",
        "0xD049"
      ],
      "Blacklist":"0x00",
      "Done":"0x00"
    }
  ]
}