<?xml version="1.0" encoding="utf-8"?>
<!-- NOTE: ALL Value below is ***HEX***, e.g. 020baadd stands for 0x020baadd, -->
<!-- Any DEC Value will be parsed as ***HEX*** in the source code -->
<!-- Features: r - relay | l - lpn | f - friend | p - proxy -->
<!-- trans: [0x01, 0x08] - send each packet for 1-8 time(s) -->
<!-- tran_interval: [0x01, 0x20] * 10ms - interval between each transmission -->
<Network>
  <!-- Netkey and all AppKeys bound to it -->
  <Subnets>
    <NetKey RefId="0000" Id="0000" Value="03030303030303030303030303030303" Done="01">
      <AppKey RefId="0000" Id="0000" Value="03030303030303030303030303030303" Done="01"/>
    </NetKey>
  </Subnets>
  <!-- All Nodes -->
  <!-- Features: r - relay | l - lpn | f - friend | p - proxy -->
  <Nodes>
    <!-- R1 Light -->
    <!-- 146136 -->
    <Node UUID="d0cf5e68a7182d7665447362616c6953" Addr="0001" Err="00000000" Tmpl="01" Blacklist="00" Done="11" trans="01" tran_interval="02"/>
    <!-- R1 Switch -->
    <!-- 146134 -->
    <Node UUID="d0cf5e68a6e02d7665447362616c6953" Addr="0003" Err="00000000" Tmpl="21" Blacklist="00" Done="11"/>
  </Nodes>
</Network>
