<?xml version="1.0" encoding="utf-8"?>
<!-- NOTE: ALL Value below is ***HEX***, e.g. 020baadd stands for 0x020baadd, -->
<!-- Any DEC Value will be parsed as ***HEX*** in the source code -->
<!-- Features: r - relay | l - lpn | f - friend | p - proxy -->
<!-- trans: [1, 8] - send each packet for 1-8 time(s) -->
<!-- tran_interval: [1, 32] * 10ms - interval between each transmission -->
<Network>
  <!-- Netkey and all AppKeys bound to it -->
  <Subnets>
    <NetKey RefId="0000" Id="0000" Value="03030303030303030303030303030303" Done="01">
      <AppKey RefId="0000" Id="0000" Value="03030303030303030303030303030303" Done="01"/>
      <AppKey RefId="0001" Id="0000" Value="04040404040404040404040404040404" Done="01"/>
    </NetKey>
  </Subnets>
  <!-- All Nodes -->
  <!-- Features: r - relay | l - lpn | f - friend | p - proxy -->
  <Nodes>
    <!-- R1 Light -->
    <!-- 48196 -->
    <Node UUID="000b573152aa2d7665447362616c6953" Addr="000e" Err="00000000" Tmpl="01" Blacklist="00" Done="11"/>
    <!-- 54377 -->
    <Node UUID="000b57ef319c2d7665447362616c6953" Addr="0005" Err="00000000" Tmpl="01" Blacklist="00" Done="11"/>
    <!-- R2Light -->
    <!-- 58894 -->
    <Node UUID="000b5731529f2d7665447362616c6953" Addr="000c" Err="00000000" Tmpl="02" Blacklist="00" Done="11"/>
    <!-- 56324 -->
    <Node UUID="000b57ef2b8d2d7665447362616c6953" Addr="000a" Err="00000000" Tmpl="03" Blacklist="00" Done="11"/>
    <!-- R1 Switch -->
    <!-- 53190 -->
    <Node UUID="000b57ef2d612d7665447362616c6953" Addr="0002" Err="00000000" Tmpl="21" Blacklist="00" Done="11"/>
    <!-- R2 Switch -->
    <!-- 34551 -->
    <Node UUID="000b573152e12d7665447362616c6953" Addr="0009" Err="00000000" Tmpl="22" Blacklist="00" Done="11"/>
    <!-- Master Switch -->
    <!-- 40613 -->
    <Node UUID="000b5725ffc82d7665447362616c6953" Addr="0001" Err="00000000" Tmpl="2F" Blacklist="00" Done="11"/>
  </Nodes>
</Network>
