<?xml version="1.0" encoding="utf-8"?>
<!-- NOTE: ALL Value below is ***HEX***, e.g. 020baadd stands for 0x020baadd, -->
<!-- Any DEC Value will be parsed as ***HEX*** in the source code -->
<!-- Features: r - relay | l - lpn | f - friend | p - proxy -->
<!-- trans: [1, 8] - send each packet for 1-8 time(s) -->
<!-- tran_interval: [1, 32] * 10ms - interval between each transmission -->
<Templates>
  <!-- ====================Lights==================== -->
  <!-- Room 1 Light -->
  <Node Id="01" TTL="03" Features="fp" Pub="C001" Pub_Bind="00">
    <Bind>00</Bind>
    <!-- <Bind>01</Bind> -->
    <Sub>C021</Sub>
    <Sub>C02F</Sub>
  </Node>
  <!-- Room 2 Light -->
  <Node Id="02" TTL="03" Features="fp" Pub="C002" Pub_Bind="00">
    <Bind>00</Bind>
    <!-- <Bind>01</Bind> -->
    <Sub>C022</Sub>
    <Sub>C02F</Sub>
  </Node>
  <!-- Room 3 Light -->
  <Node Id="03" TTL="03" Features="fp" Pub="C003" Pub_Bind="00">
    <Bind>00</Bind>
    <!-- <Bind>01</Bind> -->
    <Sub>C023</Sub>
    <Sub>C02F</Sub>
  </Node>
  <!-- Room 4 Light -->
  <Node Id="04" TTL="03" Features="fp" Pub="C004" Pub_Bind="00">
    <Bind>00</Bind>
    <!-- <Bind>01</Bind> -->
    <Sub>C024</Sub>
    <Sub>C02F</Sub>
  </Node>
  <!-- Room 5 Light -->
  <Node Id="05" TTL="03" Features="fp" Pub="C005" Pub_Bind="00">
    <Bind>00</Bind>
    <!-- <Bind>01</Bind> -->
    <Sub>C025</Sub>
    <Sub>C02F</Sub>
  </Node>
  <!-- ====================Switches==================== -->
  <!-- Room 1 Switch -->
  <Node Id="21" TTL="03" Features="lp" Pub="C021" Pub_Bind="00">
    <Bind>00</Bind>
    <!-- <Bind>01</Bind> -->
    <Sub>C001</Sub>
  </Node>
  <!-- Room 2 Switch -->
  <Node Id="22" TTL="03" Features="lp" Pub="C022" Pub_Bind="00">
    <Bind>00</Bind>
    <!-- <Bind>01</Bind> -->
    <Sub>C002</Sub>
  </Node>
  <!-- Room 3 Switch -->
  <Node Id="23" TTL="03" Features="lp" Pub="C023" Pub_Bind="00">
    <Bind>00</Bind>
    <!-- <Bind>01</Bind> -->
    <Sub>C003</Sub>
  </Node>
  <!-- Room 4 Switch -->
  <Node Id="24" TTL="03" Features="lp" Pub="C024" Pub_Bind="00">
    <Bind>00</Bind>
    <!-- <Bind>01</Bind> -->
    <Sub>C004</Sub>
  </Node>
  <!-- Room 5 Switch -->
  <Node Id="25" TTL="03" Features="lp" Pub="C025" Pub_Bind="00">
    <Bind>00</Bind>
    <!-- <Bind>01</Bind> -->
    <Sub>C005</Sub>
  </Node>
  <!-- Master Switch -->
  <Node Id="2F" TTL="03" Features="l" Pub="C02F" Pub_Bind="00">
    <Bind>00</Bind>
    <!-- <Bind>01</Bind> -->
    <!-- <Sub>C000</Sub> -->
    <Sub>C001</Sub>
    <!-- <Sub>C002</Sub> -->
  </Node>
  <!-- ====================Vendor Model==================== -->
  <!-- VM Server -->
  <Node Id="50" TTL="03" Features="" Pub="C051" Pub_Bind="00">
    <Bind>00</Bind>
    <Sub>C050</Sub>
  </Node>
  <!-- VM Client -->
  <Node Id="51" TTL="03" Features="" Pub="C050" Pub_Bind="00">
    <Bind>00</Bind>
    <Sub>C051</Sub>
  </Node>
</Templates>
