{
  "Templates": [
    {
      "Id": "0x01",
      "TTL": "0x03",
      "Features": {
        "Friend": "0x01",
        "Proxy": "0x01",
        "xRelay": {
          "Enable": "0x01",
          "Count": "0x02",
          "Interval": "0x0032"
        }
      },
      "Net_Retransmit": {
        "Count": "0x03",
        "Interval": "0x001E"
      },
      "Pub": {
        "Addr": "0xC001",
        "Key": "0x00",
        "xPeriod": "0x00002710"
      },
      "Bind": ["0x00"],
      "Sub": ["0xC021", "0xC02F"]
    },
    {
      "Id": "0x02",
      "TTL": "0x03",
      "Features": {
        "Friend": "0x01",
        "Proxy": "0x01"
      },
      "Pub": {
        "Addr": "0xC002",
        "Key": "0x00"
      },
      "Bind": ["0x00"],
      "Sub": ["0xC022", "0xC02F"]
    },
    {
      "Id": "0x03",
      "TTL": "0x03",
      "Features": {
        "Friend": "0x01",
        "Proxy": "0x01"
      },
      "Pub": {
        "Addr": "0xC003",
        "Key": "0x00"
      },
      "Bind": ["0x00"],
      "Sub": ["0xC023", "0xC02F"]
    },
    {
      "Id": "0x04",
      "TTL": "0x03",
      "Features": {
        "Friend": "0x01",
        "Proxy": "0x01"
      },
      "Pub": {
        "Addr": "0xC004",
        "Key": "0x00"
      },
      "Bind": ["0x00"],
      "Sub": ["0xC024", "0xC02F"]
    },
    {
      "Id": "0x05",
      "TTL": "0x03",
      "Features": {
        "Friend": "0x01",
        "Proxy": "0x01"
      },
      "Pub": {
        "Addr": "0xC005",
        "Key": "0x00"
      },
      "Bind": ["0x00"],
      "Sub": ["0xC025", "0xC02F"]
    },
    {
      "Id": "0x21",
      "TTL": "0x03",
      "Features": {
        "LPN": "0x01",
        "Proxy": "0x01"
      },
      "Net_Retransmit": {
        "Count": "0x03",
        "Interval": "0x001E"
      },
      "Pub": {
        "Addr": "0xC021",
        "Key": "0x00"
      },
      "Bind": ["0x00"],
      "Sub": ["0xC001", "0xC02F"]
    },
    {
      "Id": "0x22",
      "TTL": "0x03",
      "Features": {
        "LPN": "0x01",
        "Proxy": "0x01"
      },
      "Pub": {
        "Addr": "0xC022",
        "Key": "0x00"
      },
      "Bind": ["0x00"],
      "Sub": ["0xC002", "0xC02F"]
    },
    {
      "Id": "0x23",
      "TTL": "0x03",
      "Features": {
        "LPN": "0x01",
        "Proxy": "0x01"
      },
      "Pub": {
        "Addr": "0xC023",
        "Key": "0x00"
      },
      "Bind": ["0x00"],
      "Sub": ["0xC003", "0xC02F"]
    },
    {
      "Id": "0x24",
      "TTL": "0x03",
      "Features": {
        "LPN": "0x01",
        "Proxy": "0x01"
      },
      "Pub": {
        "Addr": "0xC024",
        "Key": "0x00"
      },
      "Bind": ["0x00"],
      "Sub": ["0xC004", "0xC02F"]
    },
    {
      "Id": "0x25",
      "TTL": "0x03",
      "Features": {
        "LPN": "0x01",
        "Proxy": "0x01"
      },
      "Pub": {
        "Addr": "0xC025",
        "Key": "0x00"
      },
      "Bind": ["0x00"],
      "Sub": ["0xC005", "0xC02F"]
    },
    {
      "Id": "0x2F",
      "TTL": "0x03",
      "Features": {
        "LPN": "0x01",
        "Proxy": "0x01"
      },
      "Pub": {
        "Addr": "0xC02F",
        "Key": "0x00"
      },
      "Bind": ["0x00"],
      "Sub": ["0xC001", "0xC002", "0xC003", "0xC004"]
    },
    {
      "Id": "0x50",
      "TTL": "0x03",
      "Features": {},
      "Pub": {
        "Addr": "0xC051",
        "Key": "0x00"
      },
      "Bind": ["0x00"],
      "Sub": ["0xC050"]
    },
    {
      "Id": "0x51",
      "TTL": "0x03",
      "Features": {},
      "Pub": {
        "Addr": "0xC050",
        "Key": "0x00"
      },
      "Bind": ["0x00"],
      "Sub": ["0xC051"]
    },
    {
      "Id": "0xFE",
      "TTL": "0x03",
      "Features": {
        "LPN": "0x01",
        "Proxy": "0x01",
        "Friend": "0x01",
        "Relay": {
          "Enable": "0x01",
          "Count": "0x02",
          "Interval": "0x0032"
        }
      },
      "SNB": "0x01",
      "Net_Retransmit": {
        "Count": "0x03",
        "Interval": "0x001E"
      },
      "Pub": {
        "Addr": "0xD050",
        "Key": "0x00",
        "Period": "0x00000000"
      },
      "Bind": ["0x00", "0x01"],
      "Sub": ["0xD051", "0xD052", "0xD053", "0xD054", "0xD055"]
    }
  ],
  "BACKUP": []
}
